Code,"Continent, Region, Country",century,decade,year,height.cm,year_decade,height.in
40,Austria,18,2,0,163.7,1820,64.44881889763779
40,Austria,18,3,0,163.4,1830,64.33070866141733
40,Austria,18,4,0,164.8,1840,64.88188976377954
40,Austria,18,5,0,165.8,1850,65.27559055118111
40,Austria,18,6,0,166.4,1860,65.51181102362206
40,Austria,18,7,0,167.2,1870,65.8267716535433
40,Austria,18,8,0,167.7,1880,66.02362204724409
40,Austria,18,9,0,168.4,1890,66.2992125984252
40,Austria,19,0,0,168.9,1900,66.49606299212599
40,Austria,19,1,0,168.9,1910,66.49606299212599
40,Austria,19,2,0,170.4,1920,67.08661417322834
40,Austria,19,6,0,177,1960,69.68503937007874
40,Austria,19,7,0,177.5,1970,69.88188976377953
40,Austria,19,8,0,178.8,1980,70.39370078740158
56,Belgium,18,1,0,163.1,1810,64.21259842519686
56,Belgium,18,2,0,163.7,1820,64.44881889763779
56,Belgium,18,3,0,164,1830,64.56692913385827
56,Belgium,18,4,0,165.1,1840,65
56,Belgium,18,5,0,166.1,1850,65.39370078740158
56,Belgium,18,6,0,166.6,1860,65.59055118110236
56,Belgium,18,7,0,166.6,1870,65.59055118110236
56,Belgium,19,0,0,167.8,1900,66.06299212598427
56,Belgium,19,4,0,174.54,1940,68.71653543307086
56,Belgium,19,6,0,176.8,1960,69.60629921259843
280,Federal Republic of Germany (until 1990),18,1,0,167.8,1810,66.06299212598427
280,Federal Republic of Germany (until 1990),18,2,0,167.3,1820,65.86614173228347
280,Federal Republic of Germany (until 1990),18,3,0,166.8,1830,65.66929133858268
280,Federal Republic of Germany (until 1990),18,4,0,166.6,1840,65.59055118110236
280,Federal Republic of Germany (until 1990),18,5,0,163.8,1850,64.48818897637796
280,Federal Republic of Germany (until 1990),18,6,0,165.5,1860,65.15748031496064
280,Federal Republic of Germany (until 1990),18,7,0,166.9,1870,65.70866141732284
280,Federal Republic of Germany (until 1990),18,8,0,167.9,1880,66.10236220472441
280,Federal Republic of Germany (until 1990),18,9,0,168.6,1890,66.37795275590551
280,Federal Republic of Germany (until 1990),19,0,0,169.2,1900,66.61417322834646
280,Federal Republic of Germany (until 1990),19,1,0,170.5,1910,67.1259842519685
280,Federal Republic of Germany (until 1990),19,2,0,173.3,1920,68.22834645669292
280,Federal Republic of Germany (until 1990),19,3,0,174,1930,68.50393700787401
280,Federal Republic of Germany (until 1990),19,4,0,175.2,1940,68.9763779527559
280,Federal Republic of Germany (until 1990),19,5,0,176.8,1950,69.60629921259843
280,Federal Republic of Germany (until 1990),19,6,0,178.9,1960,70.43307086614173
280,Federal Republic of Germany (until 1990),19,7,0,179.4,1970,70.62992125984252
280,Federal Republic of Germany (until 1990),19,8,0,180.5,1980,71.06299212598425
250,France,18,1,0,163.9,1810,64.52755905511812
250,France,18,2,0,163.9,1820,64.52755905511812
250,France,18,3,0,164,1830,64.56692913385827
250,France,18,4,0,164.3,1840,64.68503937007874
250,France,18,5,0,165.2,1850,65.03937007874016
250,France,18,6,0,165.4,1860,65.11811023622047
250,France,18,7,0,165.5,1870,65.15748031496064
250,France,18,8,0,165.9,1880,65.31496062992126
250,France,18,9,0,166.1,1890,65.39370078740158
250,France,19,0,0,166.8,1900,65.66929133858268
250,France,19,1,0,167.8,1910,66.06299212598427
250,France,19,2,0,168.5,1920,66.33858267716536
250,France,19,3,0,169.9,1930,66.88976377952757
250,France,19,4,0,171.7,1940,67.59842519685039
250,France,19,5,0,173.175,1950,68.17913385826772
250,France,19,6,0,174.9,1960,68.85826771653544
250,France,19,7,0,175.1,1970,68.93700787401575
250,France,19,8,0,176.5,1980,69.48818897637796
276,Germany,18,1,0,167.8,1810,66.06299212598427
276,Germany,18,2,0,167.3,1820,65.86614173228347
276,Germany,18,3,0,166.8,1830,65.66929133858268
276,Germany,18,4,0,166.6,1840,65.59055118110236
276,Germany,18,5,0,163.8,1850,64.48818897637796
276,Germany,18,6,0,165.5,1860,65.15748031496064
276,Germany,18,7,0,166.9,1870,65.70866141732284
276,Germany,18,8,0,167.9,1880,66.10236220472441
276,Germany,18,9,0,168.6,1890,66.37795275590551
276,Germany,19,0,0,169.2,1900,66.61417322834646
276,Germany,19,1,0,170.5,1910,67.1259842519685
276,Germany,19,2,0,173.3,1920,68.22834645669292
276,Germany,19,3,0,174,1930,68.50393700787401
276,Germany,19,4,0,175.2,1940,68.9763779527559
276,Germany,19,5,0,176.8,1950,69.60629921259843
276,Germany,19,6,0,178.9,1960,70.43307086614173
276,Germany,19,7,0,179.4,1970,70.62992125984252
276,Germany,19,8,0,180.5,1980,71.06299212598425
528,Netherlands,18,1,0,166,1810,65.35433070866142
528,Netherlands,18,2,0,165.1,1820,65
528,Netherlands,18,3,0,164.2,1830,64.64566929133858
528,Netherlands,18,4,0,164.5,1840,64.76377952755905
528,Netherlands,18,5,0,165.3,1850,65.07874015748031
528,Netherlands,18,6,0,166.5,1860,65.55118110236221
528,Netherlands,18,7,0,167.1,1870,65.78740157480316
528,Netherlands,18,8,0,168.5,1880,66.33858267716536
528,Netherlands,18,9,0,169.4,1890,66.69291338582677
528,Netherlands,19,0,0,170.9,1900,67.28346456692914
528,Netherlands,19,1,0,172.6,1910,67.95275590551181
528,Netherlands,19,2,0,173.5,1920,68.30708661417323
528,Netherlands,19,3,0,174.1,1930,68.54330708661418
528,Netherlands,19,4,0,177.5,1940,69.88188976377953
528,Netherlands,19,5,0,178.7,1950,70.35433070866142
528,Netherlands,19,6,0,182.2,1960,71.73228346456692
528,Netherlands,19,7,0,182.3,1970,71.7716535433071
528,Netherlands,19,8,0,182.7,1980,71.92913385826772
756,Switzerland,18,2,0,167.6,1820,65.98425196850394
756,Switzerland,18,3,0,166.3,1830,65.4724409448819
756,Switzerland,18,7,0,164.7,1870,64.84251968503936
756,Switzerland,18,8,0,166.8,1880,65.66929133858268
756,Switzerland,18,9,0,170.5,1890,67.1259842519685
756,Switzerland,19,0,0,170.462,1900,67.11102362204724
756,Switzerland,19,1,0,171.506,1910,67.5220472440945
756,Switzerland,19,2,0,170.9,1920,67.28346456692914
756,Switzerland,19,3,0,171.3,1930,67.44094488188976
208,Denmark,18,2,0,166.95,1820,65.72834645669292
208,Denmark,18,3,0,165.4,1830,65.11811023622047
208,Denmark,18,5,0,167.4,1850,65.90551181102363
208,Denmark,18,6,0,168.1,1860,66.18110236220473
208,Denmark,18,7,0,168.1,1870,66.18110236220473
208,Denmark,18,8,0,169.5,1880,66.73228346456693
208,Denmark,18,9,0,169.2,1890,66.61417322834646
208,Denmark,19,0,0,170.5,1900,67.1259842519685
208,Denmark,19,1,0,170,1910,66.92913385826772
208,Denmark,19,2,0,173.5,1920,68.30708661417323
208,Denmark,19,3,0,173.9,1930,68.46456692913387
208,Denmark,19,4,0,175.9,1940,69.25196850393701
208,Denmark,19,5,0,179.8,1950,70.78740157480316
208,Denmark,19,6,0,180.2,1960,70.94488188976378
208,Denmark,19,7,0,180.8,1970,71.18110236220473
208,Denmark,19,8,0,183.2,1980,72.1259842519685
233,Estonia,18,4,0,166.7,1840,65.62992125984252
233,Estonia,18,7,0,167.6,1870,65.98425196850394
233,Estonia,18,9,0,173.4,1890,68.26771653543307
233,Estonia,19,0,0,175.3,1900,69.01574803149607
233,Estonia,19,1,0,172,1910,67.71653543307087
233,Estonia,19,6,0,174.1,1960,68.54330708661418
233,Estonia,19,7,0,179.6,1970,70.70866141732284
233,Estonia,19,8,0,179.1,1980,70.51181102362204
246,Finland,18,1,0,171.9,1810,67.67716535433071
246,Finland,18,2,0,170.05,1820,66.9488188976378
246,Finland,18,3,0,169.5,1830,66.73228346456693
246,Finland,18,6,0,167.3,1860,65.86614173228347
246,Finland,19,0,0,167.3,1900,65.86614173228347
246,Finland,19,1,0,170.5,1910,67.1259842519685
246,Finland,19,2,0,172.3,1920,67.83464566929135
246,Finland,19,3,0,172.5,1930,67.91338582677166
246,Finland,19,4,0,174.8,1940,68.81889763779529
246,Finland,19,5,0,178,1950,70.07874015748031
246,Finland,19,6,0,179.3,1960,70.59055118110237
246,Finland,19,7,0,177.5,1970,69.88188976377953
246,Finland,19,8,0,178.2,1980,70.15748031496062
372,Ireland,18,1,0,168,1810,66.14173228346456
372,Ireland,18,2,0,165.4,1820,65.11811023622047
372,Ireland,18,3,0,168.1,1830,66.18110236220473
372,Ireland,18,4,0,160.9,1840,63.346456692913385
372,Ireland,18,7,0,168.45,1870,66.31889763779527
372,Ireland,18,8,0,168.7,1880,66.41732283464566
372,Ireland,18,9,0,169.1,1890,66.5748031496063
372,Ireland,19,0,0,170,1900,66.92913385826772
372,Ireland,19,2,0,171.919,1920,67.68464566929134
372,Ireland,19,3,0,173.253,1930,68.20984251968504
372,Ireland,19,5,0,174.9,1950,68.85826771653544
372,Ireland,19,6,0,175.8,1960,69.21259842519686
372,Ireland,19,7,0,176.4,1970,69.44881889763779
372,Ireland,19,8,0,176.6,1980,69.52755905511812
428,Latvia,18,4,0,166.5,1840,65.55118110236221
428,Latvia,18,8,0,170.6,1880,67.16535433070867
428,Latvia,18,9,0,171.7,1890,67.59842519685039
428,Latvia,19,0,0,171.4,1900,67.48031496062993
428,Latvia,19,4,0,174.211,1940,68.58700787401575
440,Lithuania,18,4,0,165.3,1840,65.07874015748031
440,Lithuania,19,4,0,173.725,1940,68.39566929133858
578,Norway,18,1,0,168.6,1810,66.37795275590551
578,Norway,18,2,0,167.5,1820,65.94488188976378
578,Norway,18,3,0,168.9,1830,66.49606299212599
578,Norway,18,4,0,168,1840,66.14173228346456
578,Norway,18,5,0,169.1,1850,66.5748031496063
578,Norway,18,6,0,169.7,1860,66.81102362204724
578,Norway,18,7,0,170.4,1870,67.08661417322834
578,Norway,18,8,0,171.1,1880,67.36220472440945
578,Norway,18,9,0,171.1,1890,67.36220472440945
578,Norway,19,0,0,172.03,1900,67.72834645669292
578,Norway,19,1,0,173.3,1910,68.22834645669292
578,Norway,19,2,0,176.25,1920,69.38976377952756
578,Norway,19,3,0,176.9,1930,69.64566929133859
578,Norway,19,4,0,177.5,1940,69.88188976377953
578,Norway,19,5,0,178.1,1950,70.11811023622047
578,Norway,19,6,0,179.3,1960,70.59055118110237
578,Norway,19,7,0,179.5,1970,70.66929133858268
578,Norway,19,8,0,179.7,1980,70.74803149606299
752,Sweden,18,3,0,168.1,1830,66.18110236220473
752,Sweden,18,4,0,167.9,1840,66.10236220472441
752,Sweden,18,5,0,168.4,1850,66.2992125984252
752,Sweden,18,6,0,169.3,1860,66.65354330708662
752,Sweden,18,7,0,170.3,1870,67.04724409448819
752,Sweden,18,8,0,171.2,1880,67.4015748031496
752,Sweden,18,9,0,172.4,1890,67.8740157480315
752,Sweden,19,0,0,172.8,1900,68.03149606299213
752,Sweden,19,1,0,173.2,1910,68.18897637795276
752,Sweden,19,2,0,168.3,1920,66.25984251968504
752,Sweden,19,3,0,175.5,1930,69.09448818897637
752,Sweden,19,4,0,178.5,1940,70.2755905511811
752,Sweden,19,5,0,179.3,1950,70.59055118110237
752,Sweden,19,6,0,180.1,1960,70.90551181102362
752,Sweden,19,7,0,180,1970,70.86614173228347
752,Sweden,19,8,0,180.4,1980,71.0236220472441
826,United Kingdom of Great Britain and Northern Ireland,18,1,0,169.7,1810,66.81102362204724
826,United Kingdom of Great Britain and Northern Ireland,18,2,0,169.1,1820,66.5748031496063
826,United Kingdom of Great Britain and Northern Ireland,18,3,0,166.7,1830,65.62992125984252
826,United Kingdom of Great Britain and Northern Ireland,18,4,0,166.5,1840,65.55118110236221
826,United Kingdom of Great Britain and Northern Ireland,18,5,0,165.6,1850,65.19685039370079
826,United Kingdom of Great Britain and Northern Ireland,18,6,0,166.6,1860,65.59055118110236
826,United Kingdom of Great Britain and Northern Ireland,18,7,0,167.15,1870,65.80708661417323
826,United Kingdom of Great Britain and Northern Ireland,18,8,0,167.95,1880,66.12204724409449
826,United Kingdom of Great Britain and Northern Ireland,18,9,0,167.4,1890,65.90551181102363
826,United Kingdom of Great Britain and Northern Ireland,19,0,0,169.367,1900,66.67992125984252
826,United Kingdom of Great Britain and Northern Ireland,19,1,0,170.866,1910,67.27007874015749
826,United Kingdom of Great Britain and Northern Ireland,19,2,0,171,1920,67.32283464566929
826,United Kingdom of Great Britain and Northern Ireland,19,3,0,173.87,1930,68.45275590551182
826,United Kingdom of Great Britain and Northern Ireland,19,4,0,174.9,1940,68.85826771653544
826,United Kingdom of Great Britain and Northern Ireland,19,5,0,176,1950,69.29133858267717
826,United Kingdom of Great Britain and Northern Ireland,19,6,0,176.9,1960,69.64566929133859
826,United Kingdom of Great Britain and Northern Ireland,19,7,0,177.1,1970,69.72440944881889
826,United Kingdom of Great Britain and Northern Ireland,19,8,0,176.83,1980,69.61811023622049
8,Albania,18,8,0,170.1,1880,66.96850393700787
8,Albania,18,9,0,169.8,1890,66.85039370078741
8,Albania,19,0,0,169.2,1900,66.61417322834646
191,Croatia,18,1,0,163.2,1810,64.25196850393701
191,Croatia,18,2,0,163.6,1820,64.40944881889763
191,Croatia,18,3,0,163.5,1830,64.37007874015748
191,Croatia,18,4,0,161.2,1840,63.46456692913385
191,Croatia,18,5,0,168.1,1850,66.18110236220473
191,Croatia,18,6,0,165.9,1860,65.31496062992126
191,Croatia,18,7,0,166.8,1870,65.66929133858268
191,Croatia,18,8,0,168.9,1880,66.49606299212599
191,Croatia,19,0,0,171.508,1900,67.5228346456693
191,Croatia,19,3,0,176.1,1930,69.33070866141732
191,Croatia,19,5,0,175.1,1950,68.93700787401575
191,Croatia,19,6,0,178.2,1960,70.15748031496062
300,Greece,18,7,0,168.5,1870,66.33858267716536
300,Greece,18,8,0,167.26,1880,65.8503937007874
300,Greece,19,0,0,169.6,1900,66.77165354330708
300,Greece,19,1,0,168.1,1910,66.18110236220473
300,Greece,19,2,0,168.4,1920,66.2992125984252
300,Greece,19,3,0,167.5,1930,65.94488188976378
300,Greece,19,4,0,169.2,1940,66.61417322834646
300,Greece,19,5,0,173.7,1950,68.38582677165354
300,Greece,19,6,0,177.6,1960,69.92125984251969
300,Greece,19,8,0,177.3,1980,69.80314960629921
380,Italy,18,1,0,164.1,1810,64.60629921259843
380,Italy,18,2,0,165.8,1820,65.27559055118111
380,Italy,18,3,0,164.1,1830,64.60629921259843
380,Italy,18,4,0,162,1840,63.779527559055126
380,Italy,18,5,0,162.9,1850,64.13385826771653
380,Italy,18,6,0,163.1,1860,64.21259842519686
380,Italy,18,7,0,163.5,1870,64.37007874015748
380,Italy,18,8,0,163.9,1880,64.52755905511812
380,Italy,18,9,0,164.7,1890,64.84251968503936
380,Italy,19,0,0,165.6,1900,65.19685039370079
380,Italy,19,1,0,166.3,1910,65.4724409448819
380,Italy,19,2,0,167.3,1920,65.86614173228347
380,Italy,19,3,0,168.1,1930,66.18110236220473
380,Italy,19,4,0,169.3,1940,66.65354330708662
380,Italy,19,5,0,171.3,1950,67.44094488188976
380,Italy,19,6,0,173,1960,68.11023622047244
380,Italy,19,7,0,174.1,1970,68.54330708661418
380,Italy,19,8,0,174.48,1980,68.69291338582677
620,Portugal,18,1,0,165.493,1810,65.15472440944882
620,Portugal,18,2,0,166.338,1820,65.48740157480314
620,Portugal,18,3,0,165.292,1830,65.07559055118111
620,Portugal,18,4,0,163.539,1840,64.38543307086614
620,Portugal,18,5,0,164.16,1850,64.62992125984252
620,Portugal,18,6,0,164.066,1860,64.59291338582678
620,Portugal,18,7,0,164.688,1870,64.83779527559055
620,Portugal,18,8,0,164.161,1880,64.63031496062992
620,Portugal,18,9,0,164.15,1890,64.6259842519685
620,Portugal,19,0,0,163.774,1900,64.47795275590552
620,Portugal,19,1,0,164.491,1910,64.76023622047245
620,Portugal,19,2,0,164.88,1920,64.91338582677166
620,Portugal,19,3,0,165.57,1930,65.18503937007874
620,Portugal,19,4,0,166.385,1940,65.50590551181102
620,Portugal,19,5,0,167.41,1950,65.90944881889763
620,Portugal,19,6,0,169.24,1960,66.62992125984253
620,Portugal,19,7,0,171.38,1970,67.4724409448819
620,Portugal,19,8,0,172.13,1980,67.76771653543308
688,Serbia,18,5,0,166.2,1850,65.43307086614173
688,Serbia,18,7,0,169.7,1870,66.81102362204724
688,Serbia,18,8,0,167.1,1880,65.78740157480316
688,Serbia,18,9,0,168.1,1890,66.18110236220473
688,Serbia,19,6,0,175.8,1960,69.21259842519686
891,Serbia and Montenegro (until 2006),18,5,0,166.2,1850,65.43307086614173
891,Serbia and Montenegro (until 2006),18,7,0,169.7,1870,66.81102362204724
891,Serbia and Montenegro (until 2006),18,8,0,167.1,1880,65.78740157480316
891,Serbia and Montenegro (until 2006),18,9,0,168.1,1890,66.18110236220473
891,Serbia and Montenegro (until 2006),19,6,0,175.8,1960,69.21259842519686
705,Slovenia,18,7,0,168.3,1870,66.25984251968504
705,Slovenia,19,2,0,173.7,1920,68.38582677165354
705,Slovenia,19,5,0,175.8,1950,69.21259842519686
705,Slovenia,19,7,0,179.2,1970,70.5511811023622
724,Spain,18,3,0,161,1830,63.38582677165355
724,Spain,18,4,0,163.7,1840,64.44881889763779
724,Spain,18,5,0,162.5,1850,63.97637795275591
724,Spain,18,6,0,162.7,1860,64.05511811023621
724,Spain,18,7,0,162.6,1870,64.01574803149606
724,Spain,18,8,0,163.9,1880,64.52755905511812
724,Spain,18,9,0,164,1890,64.56692913385827
724,Spain,19,0,0,164.6,1900,64.80314960629921
724,Spain,19,1,0,165.1,1910,65
724,Spain,19,2,0,165.6,1920,65.19685039370079
724,Spain,19,3,0,165.2,1930,65.03937007874016
724,Spain,19,4,0,166.3,1940,65.4724409448819
724,Spain,19,5,0,170.8,1950,67.24409448818899
724,Spain,19,6,0,174.2,1960,68.58267716535433
724,Spain,19,7,0,175.2,1970,68.9763779527559
724,Spain,19,8,0,175.6,1980,69.13385826771653
807,The former Yugoslav Republic of Macedonia,19,0,0,167.669,1900,66.01141732283465
807,The former Yugoslav Republic of Macedonia,19,1,0,168.4,1910,66.2992125984252
807,The former Yugoslav Republic of Macedonia,19,2,0,169.6,1920,66.77165354330708
807,The former Yugoslav Republic of Macedonia,19,3,0,168.8,1930,66.45669291338584
112,Belarus,18,4,0,163.9,1840,64.52755905511812
112,Belarus,19,0,0,166.5,1900,65.55118110236221
112,Belarus,19,8,0,176.4,1980,69.44881889763779
100,Bulgaria,18,8,0,167.6,1880,65.98425196850394
100,Bulgaria,19,3,0,171.7,1930,67.59842519685039
100,Bulgaria,19,4,0,171.3,1940,67.44094488188976
100,Bulgaria,19,5,0,172.9,1950,68.0708661417323
203,Czech Republic,18,1,0,164,1810,64.56692913385827
203,Czech Republic,18,2,0,163,1820,64.1732283464567
203,Czech Republic,18,3,0,163.5,1830,64.37007874015748
203,Czech Republic,18,4,0,164.8,1840,64.88188976377954
203,Czech Republic,18,5,0,165.5,1850,65.15748031496064
203,Czech Republic,18,6,0,166,1860,65.35433070866142
203,Czech Republic,18,7,0,167,1870,65.74803149606299
203,Czech Republic,18,8,0,167.6,1880,65.98425196850394
203,Czech Republic,18,9,0,169.783,1890,66.84370078740157
203,Czech Republic,19,0,0,170.7,1900,67.20472440944881
203,Czech Republic,19,1,0,170.8,1910,67.24409448818899
203,Czech Republic,19,2,0,173.3,1920,68.22834645669292
203,Czech Republic,19,3,0,175.7,1930,69.1732283464567
203,Czech Republic,19,4,0,176.8,1940,69.60629921259843
203,Czech Republic,19,5,0,177.7,1950,69.96062992125984
203,Czech Republic,19,7,0,178.7,1970,70.35433070866142
200,Czechoslovakia (until 1993),18,5,0,166.2,1850,65.43307086614173
200,Czechoslovakia (until 1993),18,7,0,169.7,1870,66.81102362204724
200,Czechoslovakia (until 1993),18,8,0,167.1,1880,65.78740157480316
200,Czechoslovakia (until 1993),18,9,0,168.1,1890,66.18110236220473
200,Czechoslovakia (until 1993),19,6,0,175.8,1960,69.21259842519686
348,Hungary,18,1,0,164.7,1810,64.84251968503936
348,Hungary,18,2,0,164.3,1820,64.68503937007874
348,Hungary,18,3,0,164.1,1830,64.60629921259843
348,Hungary,18,4,0,164,1840,64.56692913385827
348,Hungary,18,5,0,163.7,1850,64.44881889763779
348,Hungary,18,6,0,165.3,1860,65.07874015748031
348,Hungary,18,7,0,166.388,1870,65.50708661417323
348,Hungary,18,8,0,169.1,1880,66.5748031496063
348,Hungary,19,5,0,175.4,1950,69.05511811023622
348,Hungary,19,6,0,178.2,1960,70.15748031496062
348,Hungary,19,7,0,178.8,1970,70.39370078740158
616,Poland,18,4,0,163.1,1840,64.21259842519686
616,Poland,18,6,0,165.5,1860,65.15748031496064
616,Poland,18,7,0,166.3,1870,65.4724409448819
616,Poland,18,8,0,166.8,1880,65.66929133858268
616,Poland,18,9,0,167.2,1890,65.8267716535433
616,Poland,19,0,0,166.568,1900,65.57795275590551
616,Poland,19,1,0,169,1910,66.53543307086615
616,Poland,19,3,0,173,1930,68.11023622047244
616,Poland,19,4,0,170.5,1940,67.1259842519685
616,Poland,19,5,0,173.2,1950,68.18897637795276
616,Poland,19,6,0,175.3,1960,69.01574803149607
616,Poland,19,8,0,177.4,1980,69.84251968503938
498,Republic of Moldova,18,4,0,165.1,1840,65
498,Republic of Moldova,19,5,0,172.007,1950,67.71929133858268
498,Republic of Moldova,19,6,0,172.813,1960,68.03661417322834
498,Republic of Moldova,19,7,0,173.535,1970,68.32086614173228
498,Republic of Moldova,19,8,0,174.225,1980,68.59251968503936
642,Romania,18,4,0,164,1840,64.56692913385827
642,Romania,18,5,0,163.4,1850,64.33070866141733
642,Romania,18,6,0,164.1,1860,64.60629921259843
642,Romania,18,7,0,165.367,1870,65.10511811023622
642,Romania,18,8,0,164.1,1880,64.60629921259843
642,Romania,19,0,0,168.289,1900,66.25551181102361
642,Romania,19,4,0,169.253,1940,66.63503937007874
643,Russian Federation,18,1,0,159.8,1810,62.91338582677166
643,Russian Federation,18,2,0,162.1,1820,63.818897637795274
643,Russian Federation,18,3,0,163,1830,64.1732283464567
643,Russian Federation,18,4,0,164.2,1840,64.64566929133858
643,Russian Federation,18,5,0,163.4,1850,64.33070866141733
643,Russian Federation,18,6,0,163.3,1860,64.29133858267717
643,Russian Federation,18,7,0,165.8,1870,65.27559055118111
643,Russian Federation,18,8,0,166.6,1880,65.59055118110236
643,Russian Federation,18,9,0,168.3,1890,66.25984251968504
643,Russian Federation,19,0,0,169.2,1900,66.61417322834646
643,Russian Federation,19,1,0,169.1,1910,66.5748031496063
643,Russian Federation,19,2,0,167,1920,65.74803149606299
643,Russian Federation,19,3,0,167.9,1930,66.10236220472441
643,Russian Federation,19,4,0,169,1940,66.53543307086615
643,Russian Federation,19,5,0,172,1950,67.71653543307087
643,Russian Federation,19,6,0,173.6,1960,68.34645669291339
643,Russian Federation,19,7,0,177,1970,69.68503937007874
643,Russian Federation,19,8,0,177,1980,69.68503937007874
703,Slovakia,18,5,0,164.1,1850,64.60629921259843
703,Slovakia,18,6,0,163.5,1860,64.37007874015748
703,Slovakia,18,7,0,165.1,1870,65
703,Slovakia,18,8,0,165.8,1880,65.27559055118111
703,Slovakia,19,2,0,171.7,1920,67.59842519685039
703,Slovakia,19,3,0,173.3,1930,68.22834645669292
703,Slovakia,19,4,0,172.8,1940,68.03149606299213
804,Ukraine,18,2,0,164.1,1820,64.60629921259843
804,Ukraine,18,3,0,164.8,1830,64.88188976377954
804,Ukraine,18,4,0,164.1,1840,64.60629921259843
804,Ukraine,18,5,0,163.1,1850,64.21259842519686
804,Ukraine,18,7,0,164.6,1870,64.80314960629921
804,Ukraine,18,8,0,165.4,1880,65.11811023622047
124,Canada,18,1,0,171.5,1810,67.51968503937009
124,Canada,18,2,0,171.5,1820,67.51968503937009
124,Canada,18,3,0,171.5,1830,67.51968503937009
124,Canada,18,4,0,170.4,1840,67.08661417322834
124,Canada,18,5,0,172.466,1850,67.9
124,Canada,18,6,0,172,1860,67.71653543307087
124,Canada,18,7,0,171.2,1870,67.4015748031496
124,Canada,18,8,0,171.2,1880,67.4015748031496
124,Canada,18,9,0,170.7,1890,67.20472440944881
124,Canada,19,0,0,169.9,1900,66.88976377952757
124,Canada,19,1,0,171.5,1910,67.51968503937009
124,Canada,19,2,0,173,1920,68.11023622047244
124,Canada,19,3,0,172.7,1930,67.99212598425197
124,Canada,19,4,0,174.6,1940,68.74015748031496
124,Canada,19,5,0,177,1950,69.68503937007874
124,Canada,19,6,0,178.3,1960,70.1968503937008
124,Canada,19,7,0,178.8,1970,70.39370078740158
124,Canada,19,8,0,179.6,1980,70.70866141732284
840,United States of America,18,2,0,172.2,1820,67.79527559055119
840,United States of America,18,3,0,173.5,1830,68.30708661417323
840,United States of America,18,4,0,172.2,1840,67.79527559055119
840,United States of America,18,5,0,171.1,1850,67.36220472440945
840,United States of America,18,6,0,170.6,1860,67.16535433070867
840,United States of America,18,7,0,171.1,1870,67.36220472440945
840,United States of America,18,8,0,169.5,1880,66.73228346456693
840,United States of America,18,9,0,169.1,1890,66.5748031496063
840,United States of America,19,0,0,170,1900,66.92913385826772
840,United States of America,19,1,0,172.1,1910,67.75590551181102
840,United States of America,19,2,0,173.1,1920,68.14960629921259
840,United States of America,19,3,0,173.4,1930,68.26771653543307
840,United States of America,19,4,0,176.1,1940,69.33070866141732
840,United States of America,19,5,0,177.1,1950,69.72440944881889
840,United States of America,19,6,0,177.3,1960,69.80314960629921
840,United States of America,19,7,0,178.3,1970,70.1968503937008
840,United States of America,19,8,0,179,1980,70.4724409448819
192,Cuba,18,7,0,167.1,1870,65.78740157480316
192,Cuba,18,8,0,166.8,1880,65.66929133858268
192,Cuba,18,9,0,166,1890,65.35433070866142
192,Cuba,19,0,0,166.1,1900,65.39370078740158
192,Cuba,19,1,0,167.9,1910,66.10236220472441
192,Cuba,19,4,0,169.4,1940,66.69291338582677
192,Cuba,19,5,0,169.2,1950,66.61417322834646
214,Dominican Republic,19,4,0,167.4,1940,65.90551181102363
214,Dominican Republic,19,5,0,168.1,1950,66.18110236220473
214,Dominican Republic,19,6,0,169,1960,66.53543307086615
214,Dominican Republic,19,7,0,168.8,1970,66.45669291338584
332,Haiti,19,2,0,166.9,1920,65.70866141732284
332,Haiti,19,3,0,166.707,1930,65.63267716535432
332,Haiti,19,5,0,170.377,1950,67.07755905511812
332,Haiti,19,6,0,171.064,1960,67.34803149606299
332,Haiti,19,7,0,171.254,1970,67.4228346456693
332,Haiti,19,8,0,171.494,1980,67.51732283464567
388,Jamaica,18,9,0,170.2,1890,67.00787401574803
388,Jamaica,19,1,0,167.132,1910,65.80000000000001
388,Jamaica,19,2,0,167.894,1920,66.10000000000001
388,Jamaica,19,3,0,169.672,1930,66.8
388,Jamaica,19,4,0,168.281,1940,66.25236220472442
388,Jamaica,19,8,0,173.6,1980,68.34645669291339
630,Puerto Rico,18,9,0,164.53,1890,64.7755905511811
630,Puerto Rico,19,0,0,164.02,1900,64.57480314960631
630,Puerto Rico,19,1,0,165.35,1910,65.0984251968504
630,Puerto Rico,19,2,0,164.02,1920,64.57480314960631
630,Puerto Rico,19,3,0,163.66,1930,64.43307086614173
780,Trinidad and Tobago,19,8,0,174.4,1980,68.66141732283465
188,Costa Rica,19,4,0,166.1,1940,65.39370078740158
188,Costa Rica,19,8,0,173.6,1980,68.34645669291339
320,Guatemala,18,9,0,156.3,1890,61.53543307086615
320,Guatemala,19,1,0,156,1910,61.417322834645674
320,Guatemala,19,2,0,158.7,1920,62.48031496062992
320,Guatemala,19,3,0,158.7,1930,62.48031496062992
320,Guatemala,19,5,0,159.2,1950,62.677165354330704
320,Guatemala,19,6,0,159.8,1960,62.91338582677166
320,Guatemala,19,7,0,160.3,1970,63.11023622047245
320,Guatemala,19,8,0,160.8,1980,63.30708661417324
340,Honduras,19,5,0,163.971,1950,64.55551181102362
340,Honduras,19,6,0,164.15,1960,64.6259842519685
340,Honduras,19,7,0,164.634,1970,64.81653543307087
340,Honduras,19,8,0,164.663,1980,64.82795275590551
484,Mexico,18,1,0,161.26,1810,63.48818897637795
484,Mexico,18,2,0,160.36,1820,63.13385826771654
484,Mexico,18,3,0,160.36,1830,63.13385826771654
484,Mexico,18,4,0,162.5,1840,63.97637795275591
484,Mexico,18,5,0,163.4,1850,64.33070866141733
484,Mexico,18,6,0,162.9,1860,64.13385826771653
484,Mexico,18,7,0,163.7,1870,64.44881889763779
484,Mexico,18,8,0,163.9,1880,64.52755905511812
484,Mexico,18,9,0,163.9,1890,64.52755905511812
484,Mexico,19,0,0,163.9,1900,64.52755905511812
484,Mexico,19,1,0,163.7,1910,64.44881889763779
484,Mexico,19,2,0,161.12,1920,63.43307086614173
484,Mexico,19,3,0,165.5,1930,65.15748031496064
484,Mexico,19,4,0,165.8,1940,65.27559055118111
484,Mexico,19,5,0,165.093,1950,64.99724409448818
484,Mexico,19,6,0,166.365,1960,65.49803149606299
484,Mexico,19,8,0,167.806,1980,66.06535433070867
558,Nicaragua,19,5,0,165.615,1950,65.20275590551181
558,Nicaragua,19,6,0,165.902,1960,65.31574803149606
558,Nicaragua,19,7,0,166.159,1970,65.41692913385826
558,Nicaragua,19,8,0,166.4,1980,65.51181102362206
591,Panama,19,8,0,170,1980,66.92913385826772
32,Argentina,18,1,0,168.8,1810,66.45669291338584
32,Argentina,18,2,0,169.9,1820,66.88976377952757
32,Argentina,18,3,0,170.9,1830,67.28346456692914
32,Argentina,18,4,0,169.6,1840,66.77165354330708
32,Argentina,18,5,0,168.2,1850,66.22047244094487
32,Argentina,18,6,0,167.4,1860,65.90551181102363
32,Argentina,18,7,0,167.6,1870,65.98425196850394
32,Argentina,18,8,0,167.565,1880,65.97047244094489
32,Argentina,18,9,0,167.792,1890,66.05984251968505
32,Argentina,19,0,0,167.868,1900,66.08976377952756
32,Argentina,19,1,0,168.2,1910,66.22047244094487
32,Argentina,19,2,0,169,1920,66.53543307086615
32,Argentina,19,3,0,169.8,1930,66.85039370078741
32,Argentina,19,4,0,170.6,1940,67.16535433070867
32,Argentina,19,5,0,170.8,1950,67.24409448818899
68,Bolivia (Plurinational State of),18,9,0,163.594,1890,64.40708661417322
68,Bolivia (Plurinational State of),19,0,0,162.45,1900,63.95669291338582
68,Bolivia (Plurinational State of),19,3,0,162.5,1930,63.97637795275591
68,Bolivia (Plurinational State of),19,4,0,163.4,1940,64.33070866141733
68,Bolivia (Plurinational State of),19,5,0,162.482,1950,63.96929133858268
68,Bolivia (Plurinational State of),19,6,0,163.182,1960,64.244881889763775
68,Bolivia (Plurinational State of),19,7,0,163.886,1970,64.5220472440945
68,Bolivia (Plurinational State of),19,8,0,164.191,1980,64.64212598425198
76,Brazil,18,1,0,164.3,1810,64.68503937007874
76,Brazil,18,2,0,164.3,1820,64.68503937007874
76,Brazil,18,3,0,164.8,1830,64.88188976377954
76,Brazil,18,4,0,164.6,1840,64.80314960629921
76,Brazil,18,5,0,164.5,1850,64.76377952755905
76,Brazil,18,6,0,165,1860,64.96062992125984
76,Brazil,18,7,0,166.5,1870,65.55118110236221
76,Brazil,18,8,0,166.1,1880,65.39370078740158
76,Brazil,18,9,0,167.1,1890,65.78740157480316
76,Brazil,19,0,0,167.5,1900,65.94488188976378
76,Brazil,19,1,0,166.486,1910,65.54566929133858
76,Brazil,19,2,0,166.6,1920,65.59055118110236
76,Brazil,19,3,0,167,1930,65.74803149606299
76,Brazil,19,4,0,167.1,1940,65.78740157480316
76,Brazil,19,5,0,168.2,1950,66.22047244094487
76,Brazil,19,6,0,169,1960,66.53543307086615
76,Brazil,19,7,0,171.6,1970,67.55905511811024
76,Brazil,19,8,0,171.7,1980,67.59842519685039
152,Chile,19,5,0,169.64,1950,66.78740157480314
152,Chile,19,8,0,173.1,1980,68.14960629921259
170,Colombia,18,7,0,161.085,1870,63.41929133858268
170,Colombia,18,8,0,162.08,1880,63.811023622047244
170,Colombia,18,9,0,161.855,1890,63.72244094488189
170,Colombia,19,0,0,161.83,1900,63.71259842519685
170,Colombia,19,1,0,163.545,1910,64.38779527559055
170,Colombia,19,2,0,164.655,1920,64.8248031496063
170,Colombia,19,3,0,165.465,1930,65.14370078740157
170,Colombia,19,4,0,167.05,1940,65.76771653543308
170,Colombia,19,5,0,167.8,1950,66.06299212598427
170,Colombia,19,6,0,168.5,1960,66.33858267716536
170,Colombia,19,7,0,168.9,1970,66.49606299212599
170,Colombia,19,8,0,170.6,1980,67.16535433070867
328,Guyana,18,8,0,159.16,1880,62.661417322834644
328,Guyana,18,9,0,157.45,1890,61.98818897637795
328,Guyana,19,0,0,156.8,1900,61.73228346456693
328,Guyana,19,7,0,167.2,1970,65.8267716535433
328,Guyana,19,8,0,170.5,1980,67.1259842519685
600,Paraguay,19,0,0,165.615,1900,65.20275590551181
600,Paraguay,19,3,0,165.363,1930,65.10354330708661
604,Peru,18,1,0,163.4,1810,64.33070866141733
604,Peru,18,2,0,162.6,1820,64.01574803149606
604,Peru,18,3,0,162.5,1830,63.97637795275591
604,Peru,18,4,0,161.3,1840,63.50393700787403
604,Peru,18,5,0,161.8,1850,63.70078740157481
604,Peru,18,6,0,161.7,1860,63.661417322834644
604,Peru,18,7,0,161.3,1870,63.50393700787403
604,Peru,18,8,0,161.5,1880,63.58267716535433
604,Peru,19,3,0,159.749,1930,62.89330708661417
604,Peru,19,4,0,160.947,1940,63.364960629921256
604,Peru,19,5,0,162.226,1950,63.86850393700788
604,Peru,19,6,0,163.056,1960,64.19527559055118
604,Peru,19,7,0,163.931,1970,64.53976377952756
604,Peru,19,8,0,164.236,1980,64.65984251968503
858,Uruguay,18,8,0,164.98,1880,64.95275590551181
858,Uruguay,19,3,0,168.1,1930,66.18110236220473
53,Australia and New Zealand,18,5,0,170,1850,66.92913385826772
53,Australia and New Zealand,18,6,0,170.6,1860,67.16535433070867
53,Australia and New Zealand,18,7,0,170.053,1870,66.95
53,Australia and New Zealand,18,8,0,171.1,1880,67.36220472440945
53,Australia and New Zealand,18,9,0,171.3,1890,67.44094488188976
53,Australia and New Zealand,19,0,0,172.3,1900,67.83464566929135
53,Australia and New Zealand,19,1,0,172.7,1910,67.99212598425197
53,Australia and New Zealand,19,2,0,172.846,1920,68.0496062992126
53,Australia and New Zealand,19,6,0,176.3,1960,69.40944881889764
53,Australia and New Zealand,19,7,0,178.4,1970,70.23622047244095
36,Australia,18,5,0,170,1850,66.92913385826772
36,Australia,18,6,0,170.6,1860,67.16535433070867
36,Australia,18,7,0,170.053,1870,66.95
36,Australia,18,8,0,171.1,1880,67.36220472440945
36,Australia,18,9,0,171.3,1890,67.44094488188976
36,Australia,19,0,0,172.3,1900,67.83464566929135
36,Australia,19,1,0,172.7,1910,67.99212598425197
36,Australia,19,2,0,172.846,1920,68.0496062992126
36,Australia,19,6,0,176.3,1960,69.40944881889764
36,Australia,19,7,0,178.4,1970,70.23622047244095
554,New Zealand,18,6,0,172.4,1860,67.8740157480315
554,New Zealand,18,7,0,172.4,1870,67.8740157480315
554,New Zealand,18,8,0,172.7,1880,67.99212598425197
554,New Zealand,18,9,0,172,1890,67.71653543307087
554,New Zealand,19,3,0,174.625,1930,68.75
598,Papua New Guinea,18,8,0,152.359,1880,59.983858267716535
598,Papua New Guinea,19,2,0,155.603,1920,61.26102362204725
598,Papua New Guinea,19,3,0,152.432,1930,60.01259842519685
598,Papua New Guinea,19,4,0,158.875,1940,62.5492125984252
598,Papua New Guinea,19,8,0,160.9,1980,63.346456692913385
4,Afghanistan,18,7,0,168.4,1870,66.2992125984252
4,Afghanistan,18,8,0,165.69,1880,65.23228346456693
4,Afghanistan,19,3,0,166.8,1930,65.66929133858268
50,Bangladesh,18,5,0,161.807,1850,63.70354330708661
50,Bangladesh,18,6,0,162.346,1860,63.91574803149607
50,Bangladesh,18,7,0,163.684,1870,64.44251968503937
50,Bangladesh,18,8,0,162.061,1880,63.80354330708662
50,Bangladesh,19,5,0,161.555,1950,63.60433070866142
50,Bangladesh,19,6,0,162.15,1960,63.83858267716536
50,Bangladesh,19,8,0,162.377,1980,63.92795275590552
356,India,18,4,0,160.304,1840,63.11181102362205
356,India,18,5,0,161.823,1850,63.70984251968504
356,India,18,6,0,162.979,1860,64.16496062992127
356,India,18,7,0,163.782,1870,64.48110236220472
356,India,18,8,0,162.427,1880,63.94763779527559
356,India,18,9,0,163.008,1890,64.17637795275591
356,India,19,1,0,162.893,1910,64.13110236220473
356,India,19,2,0,163.465,1920,64.35629921259843
356,India,19,3,0,163.688,1930,64.44409448818898
356,India,19,4,0,164.049,1940,64.58622047244094
356,India,19,5,0,163.542,1950,64.38661417322835
356,India,19,6,0,163.883,1960,64.52086614173228
356,India,19,7,0,164.294,1970,64.68267716535433
356,India,19,8,0,164.437,1980,64.73897637795277
364,Iran (Islamic Republic of),18,5,0,165.33,1850,65.09055118110237
364,Iran (Islamic Republic of),18,7,0,168.26,1870,66.24409448818898
364,Iran (Islamic Republic of),18,8,0,165.19,1880,65.03543307086613
364,Iran (Islamic Republic of),18,9,0,165.98,1890,65.34645669291339
364,Iran (Islamic Republic of),19,0,0,167.47,1900,65.93307086614173
364,Iran (Islamic Republic of),19,1,0,167.19,1910,65.82283464566929
364,Iran (Islamic Republic of),19,4,0,167.8,1940,66.06299212598427
364,Iran (Islamic Republic of),19,5,0,168.78,1950,66.44881889763779
364,Iran (Islamic Republic of),19,6,0,169.14,1960,66.59055118110236
364,Iran (Islamic Republic of),19,7,0,170.85,1970,67.26377952755905
364,Iran (Islamic Republic of),19,8,0,172.37,1980,67.86220472440945
524,Nepal,18,8,0,162.433,1880,63.949999999999996
524,Nepal,19,0,0,161.7,1900,63.661417322834644
524,Nepal,19,3,0,160.9,1930,63.346456692913385
524,Nepal,19,4,0,162.383,1940,63.93031496062993
524,Nepal,19,5,0,161.783,1950,63.69409448818897
524,Nepal,19,6,0,162.459,1960,63.96023622047244
524,Nepal,19,7,0,162.71,1970,64.05905511811024
524,Nepal,19,8,0,162.953,1980,64.15472440944882
586,Pakistan,18,4,0,165.1,1840,65
586,Pakistan,18,5,0,162,1850,63.779527559055126
586,Pakistan,18,6,0,164.6,1860,64.80314960629921
586,Pakistan,18,7,0,165.2,1870,65.03937007874016
586,Pakistan,18,9,0,165.04,1890,64.9763779527559
586,Pakistan,19,2,0,167.887,1920,66.09724409448819
586,Pakistan,19,3,0,163.979,1930,64.55866141732284
586,Pakistan,19,4,0,168.1,1940,66.18110236220473
144,Sri Lanka,18,7,0,162.5,1870,63.97637795275591
144,Sri Lanka,19,2,0,163.885,1920,64.52165354330708
144,Sri Lanka,19,8,0,165.8,1980,65.27559055118111
156,China,18,1,0,165.7,1810,65.23622047244093
156,China,18,2,0,165.8,1820,65.27559055118111
156,China,18,3,0,165.8,1830,65.27559055118111
156,China,18,4,0,166.2,1840,65.43307086614173
156,China,18,5,0,166.2,1850,65.43307086614173
156,China,18,6,0,165.7,1860,65.23622047244093
156,China,18,7,0,165.8,1870,65.27559055118111
156,China,18,8,0,165.3,1880,65.07874015748031
156,China,18,9,0,164,1890,64.56692913385827
156,China,19,0,0,164,1900,64.56692913385827
156,China,19,1,0,164.7,1910,64.84251968503936
156,China,19,2,0,164.2,1920,64.64566929133858
156,China,19,3,0,166.5,1930,65.55118110236221
156,China,19,4,0,167.4,1940,65.90551181102363
156,China,19,5,0,169.2,1950,66.61417322834646
156,China,19,6,0,170,1960,66.92913385826772
156,China,19,7,0,170,1970,66.92913385826772
156,China,19,8,0,171.5,1980,67.51968503937009
344,"China, Hong Kong Special Administrative Region",19,3,0,167.655,1930,66.00590551181102
344,"China, Hong Kong Special Administrative Region",19,4,0,167.1,1940,65.78740157480316
408,Democratic People's Republic of Korea,18,7,0,163.41,1870,64.33464566929133
408,Democratic People's Republic of Korea,18,8,0,160.1,1880,63.031496062992126
408,Democratic People's Republic of Korea,18,9,0,160.7,1890,63.267716535433074
408,Democratic People's Republic of Korea,19,0,0,160.1,1900,63.031496062992126
408,Democratic People's Republic of Korea,19,4,0,166.51,1940,65.55511811023621
408,Democratic People's Republic of Korea,19,5,0,168.6,1950,66.37795275590551
408,Democratic People's Republic of Korea,19,6,0,170.7,1960,67.20472440944881
408,Democratic People's Republic of Korea,19,7,0,171.9,1970,67.67716535433071
408,Democratic People's Republic of Korea,19,8,0,173.8,1980,68.42519685039372
392,Japan,18,8,0,157.79,1880,62.12204724409448
392,Japan,18,9,0,157.79,1890,62.12204724409448
392,Japan,19,0,0,158.7,1900,62.48031496062992
392,Japan,19,1,0,159.605,1910,62.83661417322835
392,Japan,19,2,0,160.7,1920,63.267716535433074
392,Japan,19,3,0,161.43,1930,63.55511811023622
392,Japan,19,4,0,162.6,1940,64.01574803149606
392,Japan,19,5,0,163.6,1950,64.40944881889763
392,Japan,19,6,0,165.7,1960,65.23622047244093
392,Japan,19,7,0,166.8,1970,65.66929133858268
392,Japan,19,8,0,171.66,1980,67.58267716535433
496,Mongolia,19,1,0,162.6,1910,64.01574803149606
496,Mongolia,19,3,0,164.8,1930,64.88188976377954
410,Republic of Korea,18,7,0,163.41,1870,64.33464566929133
410,Republic of Korea,18,8,0,160.1,1880,63.031496062992126
410,Republic of Korea,18,9,0,160.7,1890,63.267716535433074
410,Republic of Korea,19,0,0,160.1,1900,63.031496062992126
410,Republic of Korea,19,4,0,166.51,1940,65.55511811023621
410,Republic of Korea,19,5,0,168.6,1950,66.37795275590551
410,Republic of Korea,19,6,0,170.7,1960,67.20472440944881
410,Republic of Korea,19,7,0,171.9,1970,67.67716535433071
410,Republic of Korea,19,8,0,173.8,1980,68.42519685039372
NA,Taiwan,18,5,0,163.855,1850,64.50984251968504
NA,Taiwan,18,6,0,163.86,1860,64.51181102362204
NA,Taiwan,18,7,0,163.36,1870,64.31496062992127
NA,Taiwan,18,8,0,162.898,1880,64.13307086614174
NA,Taiwan,18,9,0,163.92,1890,64.53543307086613
NA,Taiwan,19,0,0,164.54,1900,64.77952755905513
NA,Taiwan,19,1,0,166.05,1910,65.3740157480315
NA,Taiwan,19,2,0,166.85,1920,65.68897637795276
NA,Taiwan,19,3,0,167.5,1930,65.94488188976378
NA,Taiwan,19,4,0,166.8,1940,65.66929133858268
NA,Taiwan,19,5,0,168.7,1950,66.41732283464566
NA,Taiwan,19,6,0,169.7,1960,66.81102362204724
NA,Taiwan,19,7,0,170.5,1970,67.1259842519685
116,Cambodia,18,4,0,161.6,1840,63.62204724409449
116,Cambodia,18,5,0,163.2,1850,64.25196850393701
116,Cambodia,18,6,0,164.9,1860,64.92125984251969
116,Cambodia,18,7,0,159,1870,62.5984251968504
116,Cambodia,18,8,0,161.7,1880,63.661417322834644
116,Cambodia,18,9,0,160.4,1890,63.14960629921261
116,Cambodia,19,0,0,158.3,1900,62.3228346456693
116,Cambodia,19,1,0,160.6,1910,63.22834645669291
116,Cambodia,19,2,0,158.5,1920,62.40157480314961
116,Cambodia,19,3,0,158.4,1930,62.36220472440945
116,Cambodia,19,5,0,162.361,1950,63.92165354330709
116,Cambodia,19,6,0,162.84,1960,64.11023622047244
116,Cambodia,19,7,0,162.674,1970,64.04488188976379
116,Cambodia,19,8,0,162.453,1980,63.95787401574803
360,Indonesia,18,1,0,161.277,1810,63.494881889763775
360,Indonesia,18,4,0,160.352,1840,63.13070866141733
360,Indonesia,18,5,0,160.58,1850,63.22047244094489
360,Indonesia,18,6,0,160.43,1860,63.16141732283465
360,Indonesia,18,7,0,158.085,1870,62.238188976377955
360,Indonesia,18,8,0,158.58,1880,62.43307086614174
360,Indonesia,18,9,0,158.77,1890,62.50787401574804
360,Indonesia,19,0,0,158.96,1900,62.58267716535434
360,Indonesia,19,1,0,159.63,1910,62.84645669291339
360,Indonesia,19,2,0,160.93,1920,63.358267716535444
360,Indonesia,19,3,0,160.69,1930,63.26377952755906
360,Indonesia,19,4,0,160.4,1940,63.14960629921261
360,Indonesia,19,5,0,161.65,1950,63.64173228346457
360,Indonesia,19,6,0,162.41,1960,63.94094488188976
360,Indonesia,19,7,0,163.11,1970,64.21653543307087
360,Indonesia,19,8,0,164.01,1980,64.57086614173228
NA,Indonesia (until 1999),18,1,0,161.277,1810,63.494881889763775
NA,Indonesia (until 1999),18,4,0,160.352,1840,63.13070866141733
NA,Indonesia (until 1999),18,5,0,160.58,1850,63.22047244094489
NA,Indonesia (until 1999),18,6,0,160.43,1860,63.16141732283465
NA,Indonesia (until 1999),18,7,0,158.085,1870,62.238188976377955
NA,Indonesia (until 1999),18,8,0,158.58,1880,62.43307086614174
NA,Indonesia (until 1999),18,9,0,158.77,1890,62.50787401574804
NA,Indonesia (until 1999),19,0,0,158.96,1900,62.58267716535434
NA,Indonesia (until 1999),19,1,0,159.63,1910,62.84645669291339
NA,Indonesia (until 1999),19,2,0,160.93,1920,63.358267716535444
NA,Indonesia (until 1999),19,3,0,160.69,1930,63.26377952755906
NA,Indonesia (until 1999),19,4,0,160.4,1940,63.14960629921261
NA,Indonesia (until 1999),19,5,0,161.65,1950,63.64173228346457
NA,Indonesia (until 1999),19,6,0,162.41,1960,63.94094488188976
NA,Indonesia (until 1999),19,7,0,163.11,1970,64.21653543307087
NA,Indonesia (until 1999),19,8,0,164.01,1980,64.57086614173228
418,Lao People's Democratic Republic,18,4,0,159.6,1840,62.834645669291334
418,Lao People's Democratic Republic,18,5,0,160,1850,62.99212598425197
418,Lao People's Democratic Republic,18,6,0,159,1860,62.5984251968504
418,Lao People's Democratic Republic,18,7,0,159.1,1870,62.63779527559055
418,Lao People's Democratic Republic,18,9,0,160.6,1890,63.22834645669291
418,Lao People's Democratic Republic,19,0,0,161.5,1900,63.58267716535433
418,Lao People's Democratic Republic,19,1,0,156.2,1910,61.49606299212598
418,Lao People's Democratic Republic,19,2,0,159.7,1920,62.874015748031496
418,Lao People's Democratic Republic,19,3,0,160.2,1930,63.07086614173228
418,Lao People's Democratic Republic,19,4,0,163.2,1940,64.25196850393701
418,Lao People's Democratic Republic,19,8,0,165.2,1980,65.03937007874016
458,Malaysia,18,4,0,159.3,1840,62.716535433070874
458,Malaysia,18,6,0,161,1860,63.38582677165355
458,Malaysia,18,7,0,157.2,1870,61.889763779527556
458,Malaysia,18,9,0,155.8,1890,61.338582677165356
458,Malaysia,19,0,0,160.5,1900,63.188976377952756
458,Malaysia,19,3,0,162.5,1930,63.97637795275591
104,Myanmar,18,5,0,161.1,1850,63.425196850393704
104,Myanmar,18,6,0,164,1860,64.56692913385827
104,Myanmar,18,7,0,161.3,1870,63.50393700787403
104,Myanmar,18,8,0,160.698,1880,63.26692913385827
104,Myanmar,18,9,0,163,1890,64.1732283464567
104,Myanmar,19,0,0,163.7,1900,64.44881889763779
104,Myanmar,19,2,0,160.103,1920,63.032677165354336
104,Myanmar,19,4,0,164.8,1940,64.88188976377954
104,Myanmar,19,8,0,161.3,1980,63.50393700787403
608,Philippines,18,6,0,155,1860,61.023622047244096
608,Philippines,18,7,0,159.5,1870,62.795275590551185
608,Philippines,18,8,0,158.9,1880,62.55905511811024
608,Philippines,18,9,0,161.5,1890,63.58267716535433
608,Philippines,19,0,0,160.4,1900,63.14960629921261
608,Philippines,19,3,0,163.375,1930,64.32086614173228
608,Philippines,19,4,0,164.6,1940,64.80314960629921
608,Philippines,19,8,0,165.6,1980,65.19685039370079
702,Singapore,19,7,0,172.2,1970,67.79527559055119
764,Thailand,18,6,0,160.1,1860,63.031496062992126
764,Thailand,18,7,0,161.5,1870,63.58267716535433
764,Thailand,18,8,0,162.3,1880,63.8976377952756
764,Thailand,18,9,0,161,1890,63.38582677165355
764,Thailand,19,0,0,162.1,1900,63.818897637795274
764,Thailand,19,1,0,161.5,1910,63.58267716535433
764,Thailand,19,2,0,161.33,1920,63.515748031496074
764,Thailand,19,3,0,161.2,1930,63.46456692913385
704,Viet Nam,18,3,0,157.9,1830,62.16535433070866
704,Viet Nam,18,4,0,157.5,1840,62.00787401574803
704,Viet Nam,18,5,0,158.4,1850,62.36220472440945
704,Viet Nam,18,6,0,158.3,1860,62.3228346456693
704,Viet Nam,18,7,0,158.3,1870,62.3228346456693
704,Viet Nam,18,8,0,157.7,1880,62.08661417322835
704,Viet Nam,18,9,0,158.5,1890,62.40157480314961
704,Viet Nam,19,0,0,161.2,1900,63.46456692913385
704,Viet Nam,19,1,0,158,1910,62.20472440944882
704,Viet Nam,19,2,0,157.5,1920,62.00787401574803
704,Viet Nam,19,3,0,158.4,1930,62.36220472440945
704,Viet Nam,19,8,0,160,1980,62.99212598425197
51,Armenia,18,5,0,169.324,1850,66.66299212598426
51,Armenia,18,6,0,167.62,1860,65.99212598425197
51,Armenia,18,9,0,166.2,1890,65.43307086614173
51,Armenia,19,0,0,163.58,1900,64.40157480314961
51,Armenia,19,1,0,163.75,1910,64.46850393700788
51,Armenia,19,4,0,167.99,1940,66.13779527559056
51,Armenia,19,6,0,170.601,1960,67.16574803149607
51,Armenia,19,7,0,171.749,1970,67.61771653543308
51,Armenia,19,8,0,171.653,1980,67.57992125984252
31,Azerbaijan,18,5,0,170.185,1850,67.00196850393701
31,Azerbaijan,18,6,0,170.816,1860,67.25039370078741
31,Azerbaijan,19,5,0,171.216,1950,67.40787401574804
31,Azerbaijan,19,6,0,171.734,1960,67.61181102362205
31,Azerbaijan,19,7,0,172.039,1970,67.73188976377952
31,Azerbaijan,19,8,0,172.153,1980,67.7767716535433
48,Bahrain,19,3,0,160.7,1930,63.267716535433074
48,Bahrain,19,4,0,163.8,1940,64.48818897637796
48,Bahrain,19,5,0,164,1950,64.56692913385827
196,Cyprus,18,6,0,168.783,1860,66.45
196,Cyprus,18,7,0,169.778,1870,66.84173228346457
196,Cyprus,18,8,0,169.086,1880,66.56929133858269
196,Cyprus,18,9,0,168.334,1890,66.27322834645669
268,Georgia,18,4,0,165.5,1840,65.15748031496064
268,Georgia,18,6,0,163,1860,64.1732283464567
268,Georgia,18,9,0,164.26,1890,64.66929133858267
368,Iraq,18,8,0,168.37,1880,66.28740157480316
368,Iraq,18,9,0,166.617,1890,65.59724409448819
368,Iraq,19,0,0,168.56,1900,66.36220472440945
368,Iraq,19,1,0,166.15,1910,65.41338582677166
376,Israel,18,5,0,169.06,1850,66.55905511811024
376,Israel,18,6,0,168.85,1860,66.4763779527559
376,Israel,19,3,0,167.5,1930,65.94488188976378
376,Israel,19,4,0,165.746,1940,65.25433070866143
400,Jordan,19,4,0,166.053,1940,65.3751968503937
400,Jordan,19,5,0,169.97,1950,66.91732283464567
400,Jordan,19,6,0,170.317,1960,67.05393700787403
400,Jordan,19,7,0,170.53,1970,67.13779527559055
400,Jordan,19,8,0,170.29,1980,67.04330708661416
422,Lebanon,18,5,0,166.45,1850,65.53149606299212
422,Lebanon,18,6,0,167.16,1860,65.81102362204724
422,Lebanon,18,9,0,166.39,1890,65.50787401574803
422,Lebanon,19,0,0,167.28,1900,65.85826771653544
422,Lebanon,19,4,0,169.352,1940,66.67401574803151
275,Occupied Palestinian Territory,19,5,0,171,1950,67.32283464566929
275,Occupied Palestinian Territory,19,6,0,172,1960,67.71653543307087
275,Occupied Palestinian Territory,19,7,0,172.5,1970,67.91338582677166
682,Saudi Arabia,19,4,0,169.2,1940,66.61417322834646
682,Saudi Arabia,19,5,0,170.3,1950,67.04724409448819
682,Saudi Arabia,19,6,0,170.8,1960,67.24409448818899
682,Saudi Arabia,19,7,0,172.3,1970,67.83464566929135
760,Syrian Arab Republic,18,5,0,166.34,1850,65.48818897637796
760,Syrian Arab Republic,18,6,0,167.98,1860,66.13385826771653
760,Syrian Arab Republic,18,8,0,162.2,1880,63.85826771653543
760,Syrian Arab Republic,18,9,0,166.876,1890,65.6992125984252
760,Syrian Arab Republic,19,0,0,167.274,1900,65.85590551181103
792,Turkey,18,5,0,168.66,1850,66.4015748031496
792,Turkey,18,6,0,169.06,1860,66.55905511811024
792,Turkey,18,7,0,170.08,1870,66.96062992125985
792,Turkey,18,8,0,167.414,1880,65.91102362204724
792,Turkey,18,9,0,168.41,1890,66.30314960629921
792,Turkey,19,0,0,168.417,1900,66.30590551181102
792,Turkey,19,1,0,167.95,1910,66.12204724409449
792,Turkey,19,2,0,169.3,1920,66.65354330708662
792,Turkey,19,3,0,169.29,1930,66.64960629921259
792,Turkey,19,4,0,167.2,1940,65.8267716535433
792,Turkey,19,5,0,166.6,1950,65.59055118110236
792,Turkey,19,6,0,167.4,1960,65.90551181102363
792,Turkey,19,7,0,168.6,1970,66.37795275590551
784,United Arab Emirates,19,8,0,169.05,1980,66.55511811023622
886,Yemen (until 1990),18,5,0,162.26,1850,63.88188976377952
886,Yemen (until 1990),18,6,0,161.12,1860,63.43307086614173
886,Yemen (until 1990),18,8,0,160.77,1880,63.295275590551185
886,Yemen (until 1990),18,9,0,162.72,1890,64.06299212598425
886,Yemen (until 1990),19,0,0,161.99,1900,63.77559055118111
886,Yemen (until 1990),19,8,0,167.6,1980,65.98425196850394
887,Yemen,18,5,0,162.26,1850,63.88188976377952
887,Yemen,18,6,0,161.12,1860,63.43307086614173
887,Yemen,18,8,0,160.77,1880,63.295275590551185
887,Yemen,18,9,0,162.72,1890,64.06299212598425
887,Yemen,19,0,0,161.99,1900,63.77559055118111
887,Yemen,19,8,0,167.6,1980,65.98425196850394
398,Kazakhstan,18,4,0,165.3,1840,65.07874015748031
398,Kazakhstan,18,5,0,164.6,1850,64.80314960629921
398,Kazakhstan,18,7,0,163.4,1870,64.33070866141733
398,Kazakhstan,18,9,0,164.8,1890,64.88188976377954
398,Kazakhstan,19,0,0,165,1900,64.96062992125984
398,Kazakhstan,19,1,0,163.4,1910,64.33070866141733
398,Kazakhstan,19,2,0,166,1920,65.35433070866142
398,Kazakhstan,19,3,0,164.4,1930,64.7244094488189
398,Kazakhstan,19,5,0,170.3,1950,67.04724409448819
398,Kazakhstan,19,6,0,171.4,1960,67.48031496062993
398,Kazakhstan,19,7,0,171.3,1970,67.44094488188976
417,Kyrgyzstan,18,8,0,165.26,1880,65.06299212598425
417,Kyrgyzstan,18,9,0,164.03,1890,64.57874015748033
417,Kyrgyzstan,19,0,0,165.1,1900,65
417,Kyrgyzstan,19,1,0,165.1,1910,65
417,Kyrgyzstan,19,2,0,166.2,1920,65.43307086614173
417,Kyrgyzstan,19,3,0,164.5,1930,64.76377952755905
417,Kyrgyzstan,19,5,0,169.8,1950,66.85039370078741
417,Kyrgyzstan,19,6,0,169.8,1960,66.85039370078741
417,Kyrgyzstan,19,7,0,170.6,1970,67.16535433070867
762,Tajikistan,18,6,0,165,1860,64.96062992125984
762,Tajikistan,18,7,0,164.8,1870,64.88188976377954
762,Tajikistan,18,8,0,166.6,1880,65.59055118110236
762,Tajikistan,18,9,0,165.8,1890,65.27559055118111
762,Tajikistan,19,0,0,165.1,1900,65
762,Tajikistan,19,1,0,165.1,1910,65
795,Turkmenistan,18,9,0,168.9,1890,66.49606299212599
795,Turkmenistan,19,1,0,167.93,1910,66.11417322834646
795,Turkmenistan,19,2,0,167.5,1920,65.94488188976378
860,Uzbekistan,18,9,0,165.2,1890,65.03937007874016
860,Uzbekistan,19,0,0,165.5,1900,65.15748031496064
860,Uzbekistan,19,1,0,166,1910,65.35433070866142
860,Uzbekistan,19,2,0,165.047,1920,64.97913385826772
860,Uzbekistan,19,4,0,170.323,1940,67.05629921259843
860,Uzbekistan,19,5,0,171.5,1950,67.51968503937009
860,Uzbekistan,19,6,0,171.2,1960,67.4015748031496
860,Uzbekistan,19,7,0,172,1970,67.71653543307087
12,Algeria,19,1,0,168.8,1910,66.45669291338584
12,Algeria,19,2,0,166.241,1920,65.4492125984252
12,Algeria,19,3,0,169,1930,66.53543307086615
818,Egypt,18,5,0,166.35,1850,65.49212598425197
818,Egypt,18,6,0,167.69,1860,66.01968503937009
818,Egypt,18,7,0,166.88,1870,65.70078740157481
818,Egypt,18,8,0,162.99,1880,64.16929133858268
818,Egypt,19,0,0,166.2,1900,65.43307086614173
818,Egypt,19,1,0,166.21,1910,65.43700787401575
818,Egypt,19,2,0,165.11,1920,65.00393700787403
818,Egypt,19,4,0,167.504,1940,65.94645669291339
818,Egypt,19,5,0,170.09,1950,66.96456692913387
818,Egypt,19,6,0,170.632,1960,67.17795275590552
818,Egypt,19,7,0,171.248,1970,67.42047244094488
818,Egypt,19,8,0,171.283,1980,67.43425196850393
434,Libya,18,9,0,166.5,1890,65.55118110236221
434,Libya,19,2,0,165.11,1920,65.00393700787403
504,Morocco,18,8,0,168.6,1880,66.37795275590551
504,Morocco,19,4,0,168.107,1940,66.18385826771654
504,Morocco,19,5,0,169.012,1950,66.54015748031496
504,Morocco,19,6,0,169.913,1960,66.89488188976378
504,Morocco,19,7,0,170.239,1970,67.02322834645669
504,Morocco,19,8,0,170.29,1980,67.04330708661416
729,Sudan (North),18,7,0,167.99,1870,66.13779527559056
729,Sudan (North),18,8,0,169.865,1880,66.8759842519685
729,Sudan (North),18,9,0,169.836,1890,66.86456692913386
729,Sudan (North),19,0,0,167.854,1900,66.08425196850395
729,Sudan (North),19,1,0,169,1910,66.53543307086615
729,Sudan (North),19,2,0,170.985,1920,67.31692913385827
729,Sudan (North),19,3,0,167.9,1930,66.10236220472441
736,Sudan (until 2011),18,7,0,167.99,1870,66.13779527559056
736,Sudan (until 2011),18,8,0,169.865,1880,66.8759842519685
736,Sudan (until 2011),18,9,0,169.836,1890,66.86456692913386
736,Sudan (until 2011),19,0,0,167.854,1900,66.08425196850395
736,Sudan (until 2011),19,1,0,169,1910,66.53543307086615
736,Sudan (until 2011),19,2,0,170.985,1920,67.31692913385827
736,Sudan (until 2011),19,3,0,167.9,1930,66.10236220472441
788,Tunisia,19,1,0,162.9,1910,64.13385826771653
788,Tunisia,19,7,0,165.3,1970,65.07874015748031
204,Benin,18,1,0,164.9,1810,64.92125984251969
204,Benin,19,1,0,168.87,1910,66.48425196850394
204,Benin,19,2,0,168.127,1920,66.19173228346457
204,Benin,19,3,0,168.2,1930,66.22047244094487
204,Benin,19,5,0,169.911,1950,66.89409448818898
204,Benin,19,6,0,170.688,1960,67.2
204,Benin,19,7,0,170.286,1970,67.04173228346457
204,Benin,19,8,0,169.163,1980,66.59960629921261
854,Burkina Faso,18,1,0,166.29,1810,65.46850393700787
854,Burkina Faso,18,2,0,165.36,1820,65.10236220472441
854,Burkina Faso,18,3,0,166.72,1830,65.63779527559055
854,Burkina Faso,18,4,0,162.59,1840,64.01181102362206
854,Burkina Faso,18,7,0,171.2,1870,67.4015748031496
854,Burkina Faso,18,8,0,171.463,1880,67.50511811023621
854,Burkina Faso,18,9,0,167.9,1890,66.10236220472441
854,Burkina Faso,19,0,0,171.174,1900,67.39133858267716
854,Burkina Faso,19,1,0,171.06,1910,67.34645669291339
854,Burkina Faso,19,2,0,172.4,1920,67.8740157480315
854,Burkina Faso,19,3,0,171,1930,67.32283464566929
854,Burkina Faso,19,4,0,172.451,1940,67.89409448818898
854,Burkina Faso,19,5,0,172.226,1950,67.80551181102362
854,Burkina Faso,19,6,0,172.798,1960,68.03070866141732
854,Burkina Faso,19,7,0,172.844,1970,68.0488188976378
854,Burkina Faso,19,8,0,172.829,1980,68.04291338582678
132,Cape Verde,19,8,0,168.986,1980,66.52992125984252
384,Cote d'Ivoire,18,1,0,165.1,1810,65
384,Cote d'Ivoire,18,5,0,170.523,1850,67.13503937007874
384,Cote d'Ivoire,18,7,0,169.756,1870,66.83307086614174
384,Cote d'Ivoire,18,9,0,168.83,1890,66.46850393700788
384,Cote d'Ivoire,19,0,0,167.9,1900,66.10236220472441
384,Cote d'Ivoire,19,1,0,166.621,1910,65.5988188976378
384,Cote d'Ivoire,19,2,0,166.7,1920,65.62992125984252
384,Cote d'Ivoire,19,3,0,167.5,1930,65.94488188976378
384,Cote d'Ivoire,19,4,0,168.65,1940,66.3976377952756
384,Cote d'Ivoire,19,5,0,170,1950,66.92913385826772
384,Cote d'Ivoire,19,6,0,171.3,1960,67.44094488188976
384,Cote d'Ivoire,19,7,0,171.2,1970,67.4015748031496
384,Cote d'Ivoire,19,8,0,171,1980,67.32283464566929
270,Gambia,19,2,0,166.6,1920,65.59055118110236
288,Ghana,18,1,0,164.1,1810,64.60629921259843
288,Ghana,18,6,0,167.757,1860,66.04606299212598
288,Ghana,18,8,0,167.8,1880,66.06299212598427
288,Ghana,18,9,0,164.2,1890,64.64566929133858
288,Ghana,19,0,0,165.9,1900,65.31496062992126
288,Ghana,19,1,0,167.1,1910,65.78740157480316
288,Ghana,19,2,0,167.1,1920,65.78740157480316
288,Ghana,19,3,0,167.65,1930,66.00393700787401
288,Ghana,19,4,0,168.6,1940,66.37795275590551
288,Ghana,19,5,0,169.49,1950,66.72834645669292
288,Ghana,19,6,0,169.771,1960,66.83897637795275
288,Ghana,19,7,0,169.926,1970,66.89999999999999
288,Ghana,19,8,0,170.005,1980,66.93110236220473
324,Guinea,18,7,0,169.885,1870,66.88385826771653
324,Guinea,18,9,0,164.21,1890,64.6496062992126
324,Guinea,19,0,0,168.4,1900,66.2992125984252
324,Guinea,19,1,0,168.455,1910,66.3208661417323
324,Guinea,19,2,0,168.593,1920,66.3751968503937
324,Guinea,19,3,0,167.528,1930,65.95590551181103
324,Guinea,19,5,0,168.738,1950,66.43228346456694
324,Guinea,19,6,0,169.621,1960,66.77992125984252
324,Guinea,19,7,0,169.712,1970,66.81574803149606
324,Guinea,19,8,0,169.49,1980,66.72834645669292
624,Guinea-Bissau,18,1,0,165.4,1810,65.11811023622047
624,Guinea-Bissau,18,9,0,168.259,1890,66.24370078740156
624,Guinea-Bissau,19,0,0,167.721,1900,66.03188976377953
624,Guinea-Bissau,19,1,0,167.808,1910,66.06614173228347
624,Guinea-Bissau,19,2,0,166.096,1920,65.39212598425198
624,Guinea-Bissau,19,3,0,169.4,1930,66.69291338582677
624,Guinea-Bissau,19,4,0,168.9,1940,66.49606299212599
624,Guinea-Bissau,19,5,0,168.9,1950,66.49606299212599
430,Liberia,19,1,0,165.38,1910,65.11023622047244
430,Liberia,19,2,0,167.59,1920,65.98031496062993
430,Liberia,19,3,0,167.235,1930,65.84055118110237
430,Liberia,19,5,0,166.975,1950,65.73818897637796
430,Liberia,19,6,0,168.648,1960,66.39685039370079
430,Liberia,19,7,0,168.472,1970,66.32755905511812
430,Liberia,19,8,0,167.264,1980,65.85196850393702
466,Mali,18,5,0,166.467,1850,65.53818897637795
466,Mali,18,8,0,171.043,1880,67.33976377952756
466,Mali,18,9,0,169.376,1890,66.68346456692915
466,Mali,19,0,0,167.485,1900,65.93897637795277
466,Mali,19,1,0,171.449,1910,67.4996062992126
466,Mali,19,2,0,171.605,1920,67.56102362204724
466,Mali,19,3,0,168.5,1930,66.33858267716536
466,Mali,19,4,0,170.5,1940,67.1259842519685
466,Mali,19,5,0,172.483,1950,67.90669291338583
466,Mali,19,6,0,172.727,1960,68.00275590551182
466,Mali,19,7,0,172.503,1970,67.91456692913385
466,Mali,19,8,0,172.238,1980,67.81023622047245
478,Mauritania,19,0,0,168.954,1900,66.51732283464567
478,Mauritania,19,1,0,169.395,1910,66.69094488188976
478,Mauritania,19,2,0,169.227,1920,66.6248031496063
478,Mauritania,19,3,0,170.149,1930,66.98779527559056
562,Niger,18,7,0,167.298,1870,65.86535433070866
562,Niger,18,8,0,173,1880,68.11023622047244
562,Niger,19,0,0,168.663,1900,66.40275590551181
562,Niger,19,1,0,171.598,1910,67.55826771653544
562,Niger,19,2,0,171.412,1920,67.48503937007875
562,Niger,19,3,0,172.7,1930,67.99212598425197
562,Niger,19,4,0,171.179,1940,67.39330708661417
562,Niger,19,5,0,170.946,1950,67.3015748031496
562,Niger,19,6,0,171.44,1960,67.49606299212599
562,Niger,19,7,0,171.35,1970,67.46062992125985
562,Niger,19,8,0,170.651,1980,67.18543307086615
566,Nigeria,18,1,0,165.2,1810,65.03937007874016
566,Nigeria,18,2,0,162.239,1820,63.8736220472441
566,Nigeria,18,7,0,165.612,1870,65.20157480314961
566,Nigeria,18,8,0,167.873,1880,66.09173228346457
566,Nigeria,19,1,0,166.794,1910,65.66692913385828
566,Nigeria,19,2,0,165.6,1920,65.19685039370079
566,Nigeria,19,3,0,164.62,1930,64.81102362204724
566,Nigeria,19,4,0,167.2,1940,65.8267716535433
566,Nigeria,19,5,0,168.544,1950,66.35590551181103
566,Nigeria,19,6,0,169.769,1960,66.83818897637796
566,Nigeria,19,7,0,169.654,1970,66.79291338582676
566,Nigeria,19,8,0,169.503,1980,66.73346456692913
686,Senegal,18,1,0,165.4,1810,65.11811023622047
686,Senegal,18,6,0,172.545,1860,67.93110236220473
686,Senegal,18,7,0,168.157,1870,66.20354330708662
686,Senegal,18,9,0,171.75,1890,67.61811023622047
686,Senegal,19,0,0,170.384,1900,67.08031496062992
686,Senegal,19,1,0,169.26,1910,66.63779527559055
686,Senegal,19,2,0,171.561,1920,67.54370078740158
686,Senegal,19,3,0,171.109,1930,67.36574803149607
686,Senegal,19,4,0,171.861,1940,67.66181102362205
686,Senegal,19,5,0,173.913,1950,68.46968503937008
686,Senegal,19,6,0,174.091,1960,68.53976377952756
686,Senegal,19,7,0,174.736,1970,68.79370078740156
686,Senegal,19,8,0,174.254,1980,68.60393700787402
694,Sierra Leone,18,1,0,164.682,1810,64.83543307086615
694,Sierra Leone,18,2,0,162.16,1820,63.84251968503937
694,Sierra Leone,18,9,0,165.5,1890,65.15748031496064
694,Sierra Leone,19,1,0,165.8,1910,65.27559055118111
694,Sierra Leone,19,2,0,166.961,1920,65.73267716535433
694,Sierra Leone,19,3,0,165.5,1930,65.15748031496064
694,Sierra Leone,19,7,0,167.4,1970,65.90551181102363
694,Sierra Leone,19,8,0,165.8,1980,65.27559055118111
768,Togo,18,6,0,165.345,1860,65.09645669291339
768,Togo,19,0,0,167,1900,65.74803149606299
768,Togo,19,2,0,168.352,1920,66.28031496062992
768,Togo,19,5,0,170.8,1950,67.24409448818899
768,Togo,19,6,0,170.6,1960,67.16535433070867
768,Togo,19,7,0,170.5,1970,67.1259842519685
768,Togo,19,8,0,167.7,1980,66.02362204724409
24,Angola,18,1,0,160.5,1810,63.188976377952756
24,Angola,18,8,0,168.8,1880,66.45669291338584
24,Angola,18,9,0,169.1,1890,66.5748031496063
24,Angola,19,0,0,168.1,1900,66.18110236220473
24,Angola,19,1,0,168,1910,66.14173228346456
24,Angola,19,2,0,165.7,1920,65.23622047244093
24,Angola,19,3,0,166.7,1930,65.62992125984252
120,Cameroon,18,1,0,165.9,1810,65.31496062992126
120,Cameroon,18,6,0,165.145,1860,65.01771653543308
120,Cameroon,18,7,0,165.715,1870,65.24212598425197
120,Cameroon,18,8,0,166.556,1880,65.5732283464567
120,Cameroon,18,9,0,164.085,1890,64.60039370078741
120,Cameroon,19,0,0,166.738,1900,65.64488188976378
120,Cameroon,19,1,0,168.765,1910,66.44291338582677
120,Cameroon,19,2,0,166.657,1920,65.61299212598426
120,Cameroon,19,3,0,169.5,1930,66.73228346456693
120,Cameroon,19,5,0,171.251,1950,67.42165354330709
120,Cameroon,19,6,0,171.519,1960,67.5271653543307
120,Cameroon,19,7,0,171.585,1970,67.55314960629921
120,Cameroon,19,8,0,170.967,1980,67.30984251968505
140,Central African Republic,18,8,0,167.1,1880,65.78740157480316
140,Central African Republic,19,0,0,167.27,1900,65.85433070866142
140,Central African Republic,19,1,0,164.866,1910,64.90787401574805
140,Central African Republic,19,2,0,163.573,1920,64.3988188976378
140,Central African Republic,19,3,0,164,1930,64.56692913385827
140,Central African Republic,19,5,0,169.3,1950,66.65354330708662
140,Central African Republic,19,6,0,170.8,1960,67.24409448818899
140,Central African Republic,19,7,0,169.9,1970,66.88976377952757
148,Chad,18,7,0,169.793,1870,66.8476377952756
148,Chad,18,8,0,168.969,1880,66.52322834645669
148,Chad,18,9,0,169.6,1890,66.77165354330708
148,Chad,19,0,0,165.8,1900,65.27559055118111
148,Chad,19,2,0,169.379,1920,66.68464566929134
148,Chad,19,3,0,170.61,1930,67.16929133858268
148,Chad,19,5,0,173.69,1950,68.38188976377953
148,Chad,19,6,0,174.3,1960,68.62204724409449
148,Chad,19,7,0,173.8,1970,68.42519685039372
148,Chad,19,8,0,173.3,1980,68.22834645669292
178,Congo,18,1,0,163.3,1810,64.29133858267717
178,Congo,18,5,0,167.605,1850,65.98622047244093
178,Congo,18,6,0,166.043,1860,65.37125984251969
178,Congo,19,2,0,165.395,1920,65.11614173228347
178,Congo,19,3,0,164.62,1930,64.81102362204724
178,Congo,19,4,0,166.88,1940,65.70078740157481
178,Congo,19,5,0,168.447,1950,66.31771653543308
178,Congo,19,6,0,169.376,1960,66.68346456692915
178,Congo,19,7,0,169.036,1970,66.5496062992126
178,Congo,19,8,0,168.369,1980,66.28700787401574
180,Democratic Republic of the Congo,18,1,0,163.3,1810,64.29133858267717
180,Democratic Republic of the Congo,18,7,0,165.734,1870,65.2496062992126
180,Democratic Republic of the Congo,18,8,0,163.2,1880,64.25196850393701
180,Democratic Republic of the Congo,18,9,0,162.609,1890,64.01929133858268
180,Democratic Republic of the Congo,19,1,0,165.3,1910,65.07874015748031
180,Democratic Republic of the Congo,19,2,0,163.146,1920,64.23070866141732
180,Democratic Republic of the Congo,19,3,0,167.308,1930,65.86929133858267
180,Democratic Republic of the Congo,19,5,0,168.469,1950,66.3263779527559
180,Democratic Republic of the Congo,19,6,0,168.32,1960,66.26771653543307
180,Democratic Republic of the Congo,19,7,0,169.049,1970,66.55472440944882
180,Democratic Republic of the Congo,19,8,0,167.542,1980,65.96141732283465
226,Equatorial Guinea,19,3,0,169,1930,66.53543307086615
266,Gabon,18,1,0,165.4,1810,65.11811023622047
266,Gabon,19,1,0,164.9,1910,64.92125984251969
266,Gabon,19,2,0,164.311,1920,64.68937007874017
266,Gabon,19,5,0,171.2,1950,67.4015748031496
266,Gabon,19,6,0,170.7,1960,67.20472440944881
266,Gabon,19,7,0,170.5,1970,67.1259842519685
266,Gabon,19,8,0,169.7,1980,66.81102362204724
72,Botswana,19,1,0,165.42,1910,65.1259842519685
72,Botswana,19,8,0,167.1,1980,65.78740157480316
426,Lesotho,19,0,0,168,1900,66.14173228346456
426,Lesotho,19,5,0,167.97,1950,66.12992125984252
426,Lesotho,19,6,0,168.269,1960,66.2476377952756
426,Lesotho,19,7,0,168.535,1970,66.35236220472441
426,Lesotho,19,8,0,167.386,1980,65.89999999999999
516,Namibia,19,0,0,166.653,1900,65.61141732283464
516,Namibia,19,3,0,171.11,1930,67.36614173228347
516,Namibia,19,4,0,172.312,1940,67.83937007874017
516,Namibia,19,5,0,171.906,1950,67.67952755905512
516,Namibia,19,6,0,172.076,1960,67.74645669291338
516,Namibia,19,7,0,172.242,1970,67.81181102362204
516,Namibia,19,8,0,171.343,1980,67.45787401574802
710,South Africa,18,9,0,170.364,1890,67.07244094488189
710,South Africa,19,0,0,169.898,1900,66.88897637795276
710,South Africa,19,1,0,169.704,1910,66.81259842519685
710,South Africa,19,2,0,169.214,1920,66.61968503937008
710,South Africa,19,3,0,169.984,1930,66.9228346456693
710,South Africa,19,4,0,168.225,1940,66.23031496062993
710,South Africa,19,5,0,170.1,1950,66.96850393700787
710,South Africa,19,6,0,169.5,1960,66.73228346456693
710,South Africa,19,7,0,168.9,1970,66.49606299212599
710,South Africa,19,8,0,168.1,1980,66.18110236220473
748,Swaziland,19,3,0,168.812,1930,66.46141732283465
748,Swaziland,19,5,0,169.473,1950,66.72165354330708
748,Swaziland,19,6,0,169.884,1960,66.88346456692913
748,Swaziland,19,7,0,170.493,1970,67.1232283464567
748,Swaziland,19,8,0,170.238,1980,67.02283464566929
108,Burundi,19,2,0,166.14,1920,65.40944881889763
108,Burundi,19,3,0,169.355,1930,66.6751968503937
174,Comoros,19,5,0,166.8,1950,65.66929133858268
174,Comoros,19,6,0,167,1960,65.74803149606299
174,Comoros,19,7,0,167,1970,65.74803149606299
262,Djibouti,19,8,0,168.893,1980,66.49330708661418
232,Eritrea,18,6,0,166.282,1860,65.46535433070866
232,Eritrea,18,8,0,165.342,1880,65.09527559055118
232,Eritrea,19,3,0,164,1930,64.56692913385827
232,Eritrea,19,5,0,156.7,1950,61.69291338582677
232,Eritrea,19,6,0,155.75,1960,61.31889763779528
232,Eritrea,19,7,0,156,1970,61.417322834645674
230,Ethiopia (until 1993),18,6,0,169.3,1860,66.65354330708662
230,Ethiopia (until 1993),18,8,0,167.461,1880,65.92952755905513
230,Ethiopia (until 1993),19,1,0,161.451,1910,63.56338582677165
230,Ethiopia (until 1993),19,2,0,166.636,1920,65.60472440944882
230,Ethiopia (until 1993),19,3,0,167.27,1930,65.85433070866142
230,Ethiopia (until 1993),19,4,0,168.5,1940,66.33858267716536
230,Ethiopia (until 1993),19,5,0,166.823,1950,65.67834645669292
230,Ethiopia (until 1993),19,6,0,167.512,1960,65.9496062992126
230,Ethiopia (until 1993),19,7,0,167.49,1970,65.94094488188976
230,Ethiopia (until 1993),19,8,0,167.253,1980,65.84763779527559
231,Ethiopia (from 1993),18,6,0,169.3,1860,66.65354330708662
231,Ethiopia (from 1993),18,8,0,167.461,1880,65.92952755905513
231,Ethiopia (from 1993),19,1,0,161.451,1910,63.56338582677165
231,Ethiopia (from 1993),19,2,0,166.636,1920,65.60472440944882
231,Ethiopia (from 1993),19,3,0,167.27,1930,65.85433070866142
231,Ethiopia (from 1993),19,4,0,168.5,1940,66.33858267716536
231,Ethiopia (from 1993),19,5,0,166.823,1950,65.67834645669292
231,Ethiopia (from 1993),19,6,0,167.512,1960,65.9496062992126
231,Ethiopia (from 1993),19,7,0,167.49,1970,65.94094488188976
231,Ethiopia (from 1993),19,8,0,167.253,1980,65.84763779527559
404,Kenya,18,8,0,164.535,1880,64.7775590551181
404,Kenya,18,9,0,166,1890,65.35433070866142
404,Kenya,19,0,0,166.7,1900,65.62992125984252
404,Kenya,19,1,0,168.079,1910,66.1728346456693
404,Kenya,19,2,0,167.698,1920,66.02283464566929
404,Kenya,19,5,0,169.884,1950,66.88346456692913
404,Kenya,19,6,0,170.745,1960,67.2224409448819
404,Kenya,19,7,0,170.902,1970,67.28425196850392
404,Kenya,19,8,0,171.221,1980,67.40984251968504
450,Madagascar,18,6,0,163.918,1860,64.53464566929135
450,Madagascar,19,0,0,163.151,1900,64.23267716535433
450,Madagascar,19,1,0,163.154,1910,64.23385826771654
450,Madagascar,19,2,0,163.45,1920,64.3503937007874
450,Madagascar,19,5,0,164.056,1950,64.58897637795276
450,Madagascar,19,6,0,164.954,1960,64.94251968503937
450,Madagascar,19,7,0,163.884,1970,64.52125984251968
450,Madagascar,19,8,0,162.874,1980,64.1236220472441
454,Malawi,18,7,0,166.65,1870,65.61023622047244
454,Malawi,19,2,0,168.42,1920,66.30708661417323
454,Malawi,19,3,0,165.6,1930,65.19685039370079
454,Malawi,19,4,0,166.202,1940,65.43385826771654
454,Malawi,19,5,0,166.617,1950,65.59724409448819
454,Malawi,19,6,0,167.089,1960,65.78307086614173
454,Malawi,19,7,0,166.729,1970,65.64133858267718
454,Malawi,19,8,0,166.244,1980,65.4503937007874
508,Mozambique,18,1,0,164.1,1810,64.60629921259843
508,Mozambique,18,7,0,167.05,1870,65.76771653543308
508,Mozambique,19,0,0,169.613,1900,66.7767716535433
508,Mozambique,19,1,0,166.667,1910,65.61692913385828
508,Mozambique,19,2,0,168.639,1920,66.39330708661417
508,Mozambique,19,3,0,167.29,1930,65.86220472440944
508,Mozambique,19,5,0,165.967,1950,65.34133858267718
508,Mozambique,19,6,0,166.269,1960,65.46023622047244
508,Mozambique,19,7,0,165.547,1970,65.1759842519685
508,Mozambique,19,8,0,165.15,1980,65.01968503937007
646,Rwanda,19,1,0,172,1910,67.71653543307087
646,Rwanda,19,2,0,171.566,1920,67.54566929133858
646,Rwanda,19,3,0,169.321,1930,66.66181102362205
646,Rwanda,19,5,0,168.887,1950,66.49094488188977
646,Rwanda,19,6,0,168.804,1960,66.45826771653543
646,Rwanda,19,7,0,167.908,1970,66.10551181102362
646,Rwanda,19,8,0,167.162,1980,65.81181102362206
706,Somalia,18,8,0,172.75,1880,68.01181102362204
706,Somalia,18,9,0,171.4,1890,67.48031496062993
706,Somalia,19,0,0,171.9,1900,67.67716535433071
706,Somalia,19,1,0,171.068,1910,67.34960629921261
706,Somalia,19,2,0,168.69,1920,66.41338582677166
706,Somalia,19,3,0,172.9,1930,68.0708661417323
800,Uganda,18,7,0,168.07,1870,66.16929133858267
800,Uganda,18,8,0,166.311,1880,65.47677165354331
800,Uganda,18,9,0,166.425,1890,65.52165354330708
800,Uganda,19,1,0,165.96,1910,65.33858267716536
800,Uganda,19,2,0,167.486,1920,65.93937007874015
800,Uganda,19,3,0,164.892,1930,64.91811023622047
800,Uganda,19,5,0,169.822,1950,66.85905511811023
800,Uganda,19,6,0,170.087,1960,66.96338582677166
800,Uganda,19,7,0,169.612,1970,66.77637795275591
800,Uganda,19,8,0,169.274,1980,66.64330708661417
834,United Republic of Tanzania,18,7,0,167.769,1870,66.05078740157481
834,United Republic of Tanzania,18,8,0,168.516,1880,66.34488188976378
834,United Republic of Tanzania,18,9,0,167.669,1890,66.01141732283465
834,United Republic of Tanzania,19,1,0,164.965,1910,64.94685039370079
834,United Republic of Tanzania,19,2,0,165.788,1920,65.27086614173228
834,United Republic of Tanzania,19,3,0,166.6,1930,65.59055118110236
834,United Republic of Tanzania,19,4,0,165.569,1940,65.18464566929134
834,United Republic of Tanzania,19,5,0,166.195,1950,65.43110236220473
834,United Republic of Tanzania,19,6,0,167.167,1960,65.81377952755906
834,United Republic of Tanzania,19,7,0,167.805,1970,66.06496062992126
834,United Republic of Tanzania,19,8,0,166.861,1980,65.69330708661417
894,Zambia,19,4,0,168.063,1940,66.16653543307086
894,Zambia,19,5,0,169.635,1950,66.78543307086613
894,Zambia,19,6,0,169.719,1960,66.81850393700788
894,Zambia,19,7,0,168.932,1970,66.50866141732283
894,Zambia,19,8,0,168.194,1980,66.21811023622047
716,Zimbabwe,18,9,0,169.045,1890,66.5531496062992
716,Zimbabwe,19,0,0,167.63,1900,65.99606299212599
716,Zimbabwe,19,5,0,170.988,1950,67.31811023622048
716,Zimbabwe,19,6,0,171.076,1960,67.35275590551181
716,Zimbabwe,19,7,0,171.34,1970,67.45669291338584
716,Zimbabwe,19,8,0,171.004,1980,67.3244094488189
